{"stats":{"minecraft:picked_up":{"minecraft:birch_log":5,"minecraft:stick":4,"minecraft:crafting_table":1,"minecraft:magma_block":5,"minecraft:dirt":1,"minecraft:string":1,"minecraft:sugar_cane":1,"minecraft:cobblestone":8},"minecraft:used":{"minecraft:apple":3,"minecraft:stone_pickaxe":5,"minecraft:wooden_pickaxe":8,"minecraft:sugar_cane":1,"minecraft:stone_axe":4,"minecraft:crafting_table":1},"minecraft:crafted":{"minecraft:crafting_table":1,"minecraft:stick":12,"minecraft:wooden_pickaxe":1,"minecraft:stone_pickaxe":1,"minecraft:birch_planks":20,"minecraft:stone_hoe":1,"minecraft:stone_axe":1},"minecraft:custom":{"minecraft:time_since_rest":3970,"minecraft:sprint_one_cm":44054,"minecraft:damage_taken":215,"minecraft:walk_one_cm":27227,"minecraft:mob_kills":1,"minecraft:damage_dealt":172,"minecraft:fly_one_cm":13655,"minecraft:swim_one_cm":11156,"minecraft:interact_with_crafting_table":4,"minecraft:open_chest":1,"minecraft:crouch_one_cm":377,"minecraft:play_time":18044,"minecraft:sneak_time":505,"minecraft:walk_under_water_one_cm":5881,"minecraft:jump":123,"minecraft:walk_on_water_one_cm":3803,"minecraft:time_since_death":18044,"minecraft:sleep_in_bed":1,"minecraft:total_world_time":18044,"minecraft:fall_one_cm":2115},"minecraft:mined":{"minecraft:magma_block":5,"minecraft:birch_log":6,"minecraft:birch_leaves":1,"minecraft:crafting_table":1,"minecraft:grass_block":1,"minecraft:stone":8,"minecraft:sugar_cane":1,"minecraft:oak_leaves":4},"minecraft:killed":{"minecraft:spider":1}},"DataVersion":3465}