{"stats":{"minecraft:picked_up":{"minecraft:birch_log":5,"minecraft:raw_iron":4,"minecraft:stick":20,"minecraft:crafting_table":4,"minecraft:magma_block":10,"minecraft:wooden_pickaxe":2,"minecraft:birch_planks":13,"minecraft:lapis_lazuli":9,"minecraft:dirt":4,"minecraft:string":3,"minecraft:apple":3,"minecraft:bread":4,"minecraft:oak_sapling":4,"minecraft:sugar_cane":1,"minecraft:stone_hoe":2,"minecraft:cobblestone":45,"minecraft:furnace":1},"minecraft:used":{"minecraft:apple":5,"minecraft:birch_planks":1,"minecraft:stone_pickaxe":43,"minecraft:wooden_pickaxe":14,"minecraft:sugar_cane":1,"minecraft:stone_axe":5,"minecraft:dirt":1,"minecraft:magma_block":1,"minecraft:crafting_table":2,"minecraft:furnace":1,"minecraft:bucket":1},"minecraft:crafted":{"minecraft:crafting_table":1,"minecraft:stick":12,"minecraft:iron_ingot":4,"minecraft:wooden_pickaxe":1,"minecraft:stone_pickaxe":2,"minecraft:furnace":1,"minecraft:bucket":1,"minecraft:birch_planks":20,"minecraft:stone_hoe":1,"minecraft:stone_axe":2,"minecraft:air":0},"minecraft:custom":{"minecraft:time_since_rest":8160,"minecraft:interact_with_furnace":2,"minecraft:sprint_one_cm":64770,"minecraft:damage_taken":835,"minecraft:walk_one_cm":38411,"minecraft:mob_kills":1,"minecraft:damage_dealt":172,"minecraft:fly_one_cm":22258,"minecraft:swim_one_cm":12120,"minecraft:interact_with_crafting_table":9,"minecraft:open_chest":1,"minecraft:crouch_one_cm":2414,"minecraft:play_time":30044,"minecraft:deaths":2,"minecraft:sneak_time":1491,"minecraft:walk_under_water_one_cm":10422,"minecraft:jump":214,"minecraft:walk_on_water_one_cm":8170,"minecraft:time_since_death":8116,"minecraft:sleep_in_bed":1,"minecraft:total_world_time":30044,"minecraft:fall_one_cm":10366},"minecraft:mined":{"minecraft:magma_block":5,"minecraft:furnace":1,"minecraft:iron_ore":4,"minecraft:birch_log":6,"minecraft:birch_leaves":1,"minecraft:crafting_table":2,"minecraft:grass":1,"minecraft:grass_block":2,"minecraft:lapis_ore":1,"minecraft:stone":46,"minecraft:sugar_cane":1,"minecraft:oak_leaves":4},"minecraft:killed":{"minecraft:spider":1}},"DataVersion":3465}