{"stats":{"minecraft:picked_up":{"minecraft:birch_log":5,"minecraft:magma_block":5,"minecraft:crafting_table":1,"minecraft:stick":4,"minecraft:cobblestone":8},"minecraft:used":{"minecraft:stone_axe":1,"minecraft:crafting_table":1,"minecraft:stone_pickaxe":5,"minecraft:wooden_pickaxe":8},"minecraft:crafted":{"minecraft:birch_planks":20,"minecraft:stone_hoe":1,"minecraft:crafting_table":1,"minecraft:stone_axe":1,"minecraft:stick":12,"minecraft:wooden_pickaxe":1,"minecraft:stone_pickaxe":1},"minecraft:custom":{"minecraft:time_since_rest":6044,"minecraft:crouch_one_cm":377,"minecraft:sprint_one_cm":1657,"minecraft:play_time":6044,"minecraft:damage_taken":10,"minecraft:walk_one_cm":5728,"minecraft:sneak_time":441,"minecraft:walk_under_water_one_cm":5432,"minecraft:jump":36,"minecraft:time_since_death":6044,"minecraft:walk_on_water_one_cm":2881,"minecraft:total_world_time":6044,"minecraft:fall_one_cm":420,"minecraft:interact_with_crafting_table":4,"minecraft:fly_one_cm":3193},"minecraft:mined":{"minecraft:magma_block":5,"minecraft:birch_log":6,"minecraft:stone":8,"minecraft:birch_leaves":1,"minecraft:crafting_table":1}},"DataVersion":3465}