{"stats":{"minecraft:picked_up":{"minecraft:birch_log":15,"minecraft:birch_planks":4,"minecraft:birch_sapling":4,"minecraft:dirt":1},"minecraft:used":{"minecraft:dirt":1,"minecraft:birch_log":2},"minecraft:crafted":{"minecraft:birch_planks":4},"minecraft:custom":{"minecraft:time_since_rest":1260,"minecraft:open_chest":1,"minecraft:crouch_one_cm":1903,"minecraft:sprint_one_cm":8740,"minecraft:play_time":22081,"minecraft:walk_one_cm":9398,"minecraft:damage_taken":40,"minecraft:deaths":1,"minecraft:sneak_time":484,"minecraft:jump":70,"minecraft:leave_game":1,"minecraft:time_since_death":1203,"minecraft:total_world_time":22081,"minecraft:fall_one_cm":1495,"minecraft:fly_one_cm":7352},"minecraft:mined":{"minecraft:grass_block":1,"minecraft:birch_log":8,"minecraft:birch_leaves":15}},"DataVersion":3465}