{"stats":{"minecraft:picked_up":{"minecraft:birch_sapling":2,"minecraft:dirt":1,"minecraft:birch_log":9},"minecraft:used":{"minecraft:dirt":1},"minecraft:crafted":{"minecraft:birch_planks":4},"minecraft:custom":{"minecraft:jump":49,"minecraft:time_since_rest":11454,"minecraft:crouch_one_cm":1903,"minecraft:sprint_one_cm":6750,"minecraft:play_time":11454,"minecraft:time_since_death":11454,"minecraft:walk_one_cm":5492,"minecraft:sneak_time":484,"minecraft:total_world_time":11454,"minecraft:fall_one_cm":836,"minecraft:fly_one_cm":6276},"minecraft:mined":{"minecraft:birch_log":8,"minecraft:grass_block":1,"minecraft:birch_leaves":15}},"DataVersion":3465}