{"stats":{"minecraft:picked_up":{"minecraft:birch_log":6,"minecraft:oak_log":1,"minecraft:diorite":1,"minecraft:cobblestone":32},"minecraft:used":{"minecraft:cobblestone":1,"minecraft:crafting_table":1,"minecraft:stone_pickaxe":20,"minecraft:wooden_pickaxe":14},"minecraft:crafted":{"minecraft:oak_planks":4,"minecraft:birch_planks":24,"minecraft:stone_axe":1,"minecraft:crafting_table":1,"minecraft:stick":40,"minecraft:wooden_pickaxe":1,"minecraft:stone_pickaxe":1},"minecraft:custom":{"minecraft:open_chest":1,"minecraft:time_since_rest":12248,"minecraft:crouch_one_cm":662,"minecraft:play_time":12248,"minecraft:sprint_one_cm":11878,"minecraft:damage_taken":60,"minecraft:walk_one_cm":21793,"minecraft:sneak_time":359,"minecraft:walk_under_water_one_cm":2144,"minecraft:jump":132,"minecraft:damage_dealt":20,"minecraft:time_since_death":12248,"minecraft:walk_on_water_one_cm":394,"minecraft:total_world_time":12248,"minecraft:swim_one_cm":604,"minecraft:interact_with_crafting_table":2,"minecraft:fall_one_cm":2570,"minecraft:fly_one_cm":15871},"minecraft:mined":{"minecraft:oak_log":1,"minecraft:birch_log":6,"minecraft:stone":32,"minecraft:diorite":1,"minecraft:oak_leaves":1}},"DataVersion":3465}